{
  "controller/App-dbg.controller.js": 1707418611589,
  "controller/TechnicianResolution.controller.js": 1707676739062,
  "model/localData.json": 1707645932797,
  "model/models.js": 1707418611585,
  "controller/Signup.controller.js": 1707674914481,
  "controller/Login.controller.js": 1707673038069,
  "controller/CustomerServiceRequest.controller.js": 1707738914244,
  "controller/CustomerResolution.controller.js": 1707676053404,
  "controller/App.controller.js": 1707418611589,
  "manifest.json": 1707738949752,
  "Component.js": 1707418611577,
  "model/models-dbg.js": 1707418611585,
  "model/models.js.map": 1707738950046,
  "controller/TechnicianResolution-dbg.controller.js": 1707676739062,
  "controller/TechnicianResolution.controller.js.map": 1707738950258,
  "controller/Signup-dbg.controller.js": 1707674914481,
  "controller/Signup.controller.js.map": 1707738950244,
  "controller/Login-dbg.controller.js": 1707673038069,
  "controller/Login.controller.js.map": 1707738950240,
  "controller/CustomerServiceRequest-dbg.controller.js": 1707738914244,
  "controller/CustomerServiceRequest.controller.js.map": 1707738950067,
  "controller/CustomerResolution-dbg.controller.js": 1707676053404,
  "controller/CustomerResolution.controller.js.map": 1707738950173,
  "i18n/i18n.properties": 1707675261590,
  "controller/App.controller.js.map": 1707738950176,
  "Component-dbg.js": 1707418611577,
  "Component.js.map": 1707738950179,
  "Component-preload.js": 1707738950510,
  "Component-preload.js.map": 1707738950510,
  "view/TechnicianResolution.view.xml": 1707675864312,
  "view/Signup.view.xml": 1707676544021,
  "view/Login.view.xml": 1707676532545,
  "view/CustomerServiceRequest.view.xml": 1707675912420,
  "view/CustomerResolution.view.xml": 1707738457751,
  "view/App.view.xml": 1707418611589,
  "css/style.css": 1707638995874,
  "index.html": 1707418611577
}